dataset,case_id,case_dir,metadata_path,n_tiles,slide_width,slide_height,os_time_days,os_event,known_horizon_count,dead_by_6m,mask_dead_by_6m,dead_by_12m,mask_dead_by_12m,dead_by_18m,mask_dead_by_18m,dead_by_24m,mask_dead_by_24m
TCGA_PAAD,TCGA-2J-AAB1,../../data/pancreatic_cancer_pathology/dst/Image/TCGA_PAAD/TCGA-2J-AAB1,../../data/pancreatic_cancer_pathology/dst/Image/TCGA_PAAD/TCGA-2J-AAB1/tile_metadata.csv,289,129479,70141,66.0,1,4,1.0,1.0,1.0,1.0,1.0,1.0,1.0,1.0
TCGA_PAAD,TCGA-2J-AAB6,../../data/pancreatic_cancer_pathology/dst/Image/TCGA_PAAD/TCGA-2J-AAB6,../../data/pancreatic_cancer_pathology/dst/Image/TCGA_PAAD/TCGA-2J-AAB6/tile_metadata.csv,326,129479,74739,293.0,1,4,0.0,1.0,1.0,1.0,1.0,1.0,1.0,1.0
TCGA_PAAD,TCGA-2J-AABA,../../data/pancreatic_cancer_pathology/dst/Image/TCGA_PAAD/TCGA-2J-AABA,../../data/pancreatic_cancer_pathology/dst/Image/TCGA_PAAD/TCGA-2J-AABA/tile_metadata.csv,101,79679,59735,607.0,1,4,0.0,1.0,0.0,1.0,0.0,1.0,1.0,1.0
TCGA_PAAD,TCGA-2J-AAB9,../../data/pancreatic_cancer_pathology/dst/Image/TCGA_PAAD/TCGA-2J-AAB9,../../data/pancreatic_cancer_pathology/dst/Image/TCGA_PAAD/TCGA-2J-AAB9/tile_metadata.csv,321,133463,68233,627.0,1,4,0.0,1.0,0.0,1.0,0.0,1.0,1.0,1.0
TCGA_PAAD,TCGA-2J-AABH,../../data/pancreatic_cancer_pathology/dst/Image/TCGA_PAAD/TCGA-2J-AABH,../../data/pancreatic_cancer_pathology/dst/Image/TCGA_PAAD/TCGA-2J-AABH/tile_metadata.csv,253,145415,67744,1287.0,0,4,0.0,1.0,0.0,1.0,0.0,1.0,0.0,1.0
TCGA_PAAD,TCGA-2J-AABF,../../data/pancreatic_cancer_pathology/dst/Image/TCGA_PAAD/TCGA-2J-AABF,../../data/pancreatic_cancer_pathology/dst/Image/TCGA_PAAD/TCGA-2J-AABF/tile_metadata.csv,330,139439,69495,691.0,1,4,0.0,1.0,0.0,1.0,0.0,1.0,1.0,1.0
TCGA_PAAD,TCGA-2J-AABV,../../data/pancreatic_cancer_pathology/dst/Image/TCGA_PAAD/TCGA-2J-AABV,../../data/pancreatic_cancer_pathology/dst/Image/TCGA_PAAD/TCGA-2J-AABV/tile_metadata.csv,325,147407,74242,652.0,1,4,0.0,1.0,0.0,1.0,0.0,1.0,1.0,1.0
TCGA_PAAD,TCGA-2J-AABU,../../data/pancreatic_cancer_pathology/dst/Image/TCGA_PAAD/TCGA-2J-AABU,../../data/pancreatic_cancer_pathology/dst/Image/TCGA_PAAD/TCGA-2J-AABU/tile_metadata.csv,469,131471,84092,277.0,1,4,0.0,1.0,1.0,1.0,1.0,1.0,1.0,1.0
TCGA_PAAD,TCGA-2L-AAQE,../../data/pancreatic_cancer_pathology/dst/Image/TCGA_PAAD/TCGA-2L-AAQE,../../data/pancreatic_cancer_pathology/dst/Image/TCGA_PAAD/TCGA-2L-AAQE/tile_metadata.csv,202,64799,59485,684.0,1,4,0.0,1.0,0.0,1.0,0.0,1.0,1.0,1.0
TCGA_PAAD,TCGA-2L-AAQA,../../data/pancreatic_cancer_pathology/dst/Image/TCGA_PAAD/TCGA-2L-AAQA,../../data/pancreatic_cancer_pathology/dst/Image/TCGA_PAAD/TCGA-2L-AAQA/tile_metadata.csv,308,86399,79011,143.0,1,4,1.0,1.0,1.0,1.0,1.0,1.0,1.0,1.0
TCGA_PAAD,TCGA-2L-AAQL,../../data/pancreatic_cancer_pathology/dst/Image/TCGA_PAAD/TCGA-2L-AAQL,../../data/pancreatic_cancer_pathology/dst/Image/TCGA_PAAD/TCGA-2L-AAQL/tile_metadata.csv,200,89999,63558,292.0,1,4,0.0,1.0,1.0,1.0,1.0,1.0,1.0,1.0
TCGA_PAAD,TCGA-2L-AAQJ,../../data/pancreatic_cancer_pathology/dst/Image/TCGA_PAAD/TCGA-2L-AAQJ,../../data/pancreatic_cancer_pathology/dst/Image/TCGA_PAAD/TCGA-2L-AAQJ/tile_metadata.csv,240,154799,76580,394.0,1,4,0.0,1.0,0.0,1.0,1.0,1.0,1.0,1.0
TCGA_PAAD,TCGA-2L-AAQI,../../data/pancreatic_cancer_pathology/dst/Image/TCGA_PAAD/TCGA-2L-AAQI,../../data/pancreatic_cancer_pathology/dst/Image/TCGA_PAAD/TCGA-2L-AAQI/tile_metadata.csv,289,75599,70363,103.0,1,4,1.0,1.0,1.0,1.0,1.0,1.0,1.0,1.0
TCGA_PAAD,TCGA-2L-AAQM,../../data/pancreatic_cancer_pathology/dst/Image/TCGA_PAAD/TCGA-2L-AAQM,../../data/pancreatic_cancer_pathology/dst/Image/TCGA_PAAD/TCGA-2L-AAQM/tile_metadata.csv,268,111599,73307,1383.0,0,4,0.0,1.0,0.0,1.0,0.0,1.0,0.0,1.0
TCGA_PAAD,TCGA-3A-A9I9,../../data/pancreatic_cancer_pathology/dst/Image/TCGA_PAAD/TCGA-3A-A9I9,../../data/pancreatic_cancer_pathology/dst/Image/TCGA_PAAD/TCGA-3A-A9I9/tile_metadata.csv,149,68141,69058,634.0,1,4,0.0,1.0,0.0,1.0,0.0,1.0,1.0,1.0
TCGA_PAAD,TCGA-3A-A9I7,../../data/pancreatic_cancer_pathology/dst/Image/TCGA_PAAD/TCGA-3A-A9I7,../../data/pancreatic_cancer_pathology/dst/Image/TCGA_PAAD/TCGA-3A-A9I7/tile_metadata.csv,216,101731,65619,1323.0,0,4,0.0,1.0,0.0,1.0,0.0,1.0,0.0,1.0
TCGA_PAAD,TCGA-3A-A9IH,../../data/pancreatic_cancer_pathology/dst/Image/TCGA_PAAD/TCGA-3A-A9IH,../../data/pancreatic_cancer_pathology/dst/Image/TCGA_PAAD/TCGA-3A-A9IH/tile_metadata.csv,181,88295,65589,1021.0,0,4,0.0,1.0,0.0,1.0,0.0,1.0,0.0,1.0
TCGA_PAAD,TCGA-3A-A9IC,../../data/pancreatic_cancer_pathology/dst/Image/TCGA_PAAD/TCGA-3A-A9IC,../../data/pancreatic_cancer_pathology/dst/Image/TCGA_PAAD/TCGA-3A-A9IC/tile_metadata.csv,247,73899,74842,738.0,1,4,0.0,1.0,0.0,1.0,0.0,1.0,0.0,1.0
TCGA_PAAD,TCGA-3A-A9IN,../../data/pancreatic_cancer_pathology/dst/Image/TCGA_PAAD/TCGA-3A-A9IN,../../data/pancreatic_cancer_pathology/dst/Image/TCGA_PAAD/TCGA-3A-A9IN/tile_metadata.csv,205,95013,69118,2084.0,0,4,0.0,1.0,0.0,1.0,0.0,1.0,0.0,1.0
TCGA_PAAD,TCGA-3A-A9IO,../../data/pancreatic_cancer_pathology/dst/Image/TCGA_PAAD/TCGA-3A-A9IO,../../data/pancreatic_cancer_pathology/dst/Image/TCGA_PAAD/TCGA-3A-A9IO/tile_metadata.csv,92,64302,48722,1942.0,0,4,0.0,1.0,0.0,1.0,0.0,1.0,0.0,1.0
TCGA_PAAD,TCGA-3A-A9IB,../../data/pancreatic_cancer_pathology/dst/Image/TCGA_PAAD/TCGA-3A-A9IB,../../data/pancreatic_cancer_pathology/dst/Image/TCGA_PAAD/TCGA-3A-A9IB/tile_metadata.csv,352,142040,86787,224.0,1,4,0.0,1.0,1.0,1.0,1.0,1.0,1.0,1.0
TCGA_PAAD,TCGA-3A-A9IR,../../data/pancreatic_cancer_pathology/dst/Image/TCGA_PAAD/TCGA-3A-A9IR,../../data/pancreatic_cancer_pathology/dst/Image/TCGA_PAAD/TCGA-3A-A9IR/tile_metadata.csv,248,103651,59349,1542.0,0,4,0.0,1.0,0.0,1.0,0.0,1.0,0.0,1.0
TCGA_PAAD,TCGA-3A-A9IU,../../data/pancreatic_cancer_pathology/dst/Image/TCGA_PAAD/TCGA-3A-A9IU,../../data/pancreatic_cancer_pathology/dst/Image/TCGA_PAAD/TCGA-3A-A9IU/tile_metadata.csv,175,96933,65608,458.0,1,4,0.0,1.0,0.0,1.0,1.0,1.0,1.0,1.0
TCGA_PAAD,TCGA-3A-A9IV,../../data/pancreatic_cancer_pathology/dst/Image/TCGA_PAAD/TCGA-3A-A9IV,../../data/pancreatic_cancer_pathology/dst/Image/TCGA_PAAD/TCGA-3A-A9IV/tile_metadata.csv,170,74859,59537,1103.0,0,4,0.0,1.0,0.0,1.0,0.0,1.0,0.0,1.0
TCGA_PAAD,TCGA-3A-A9IX,../../data/pancreatic_cancer_pathology/dst/Image/TCGA_PAAD/TCGA-3A-A9IX,../../data/pancreatic_cancer_pathology/dst/Image/TCGA_PAAD/TCGA-3A-A9IX/tile_metadata.csv,203,94053,67359,1037.0,0,4,0.0,1.0,0.0,1.0,0.0,1.0,0.0,1.0
TCGA_PAAD,TCGA-3A-A9IZ,../../data/pancreatic_cancer_pathology/dst/Image/TCGA_PAAD/TCGA-3A-A9IZ,../../data/pancreatic_cancer_pathology/dst/Image/TCGA_PAAD/TCGA-3A-A9IZ/tile_metadata.csv,217,87335,68849,308.0,1,4,0.0,1.0,1.0,1.0,1.0,1.0,1.0,1.0
TCGA_PAAD,TCGA-3A-A9IS,../../data/pancreatic_cancer_pathology/dst/Image/TCGA_PAAD/TCGA-3A-A9IS,../../data/pancreatic_cancer_pathology/dst/Image/TCGA_PAAD/TCGA-3A-A9IS/tile_metadata.csv,369,130523,93034,998.0,0,4,0.0,1.0,0.0,1.0,0.0,1.0,0.0,1.0
TCGA_PAAD,TCGA-F2-6879,../../data/pancreatic_cancer_pathology/dst/Image/TCGA_PAAD/TCGA-F2-6879,../../data/pancreatic_cancer_pathology/dst/Image/TCGA_PAAD/TCGA-F2-6879/tile_metadata.csv,109,115109,43445,334.0,1,4,0.0,1.0,1.0,1.0,1.0,1.0,1.0,1.0
TCGA_PAAD,TCGA-F2-7276,../../data/pancreatic_cancer_pathology/dst/Image/TCGA_PAAD/TCGA-F2-7276,../../data/pancreatic_cancer_pathology/dst/Image/TCGA_PAAD/TCGA-F2-7276/tile_metadata.csv,134,66187,60544,216.0,1,4,0.0,1.0,1.0,1.0,1.0,1.0,1.0,1.0
TCGA_PAAD,TCGA-F2-7273,../../data/pancreatic_cancer_pathology/dst/Image/TCGA_PAAD/TCGA-F2-7273,../../data/pancreatic_cancer_pathology/dst/Image/TCGA_PAAD/TCGA-F2-7273/tile_metadata.csv,229,133335,60844,592.0,1,4,0.0,1.0,0.0,1.0,0.0,1.0,1.0,1.0
TCGA_PAAD,TCGA-3E-AAAZ,../../data/pancreatic_cancer_pathology/dst/Image/TCGA_PAAD/TCGA-3E-AAAZ,../../data/pancreatic_cancer_pathology/dst/Image/TCGA_PAAD/TCGA-3E-AAAZ/tile_metadata.csv,553,137472,90432,2182.0,1,4,0.0,1.0,0.0,1.0,0.0,1.0,0.0,1.0
TCGA_PAAD,TCGA-FB-A4P5,../../data/pancreatic_cancer_pathology/dst/Image/TCGA_PAAD/TCGA-FB-A4P5,../../data/pancreatic_cancer_pathology/dst/Image/TCGA_PAAD/TCGA-FB-A4P5/tile_metadata.csv,152,72351,62806,179.0,1,4,1.0,1.0,1.0,1.0,1.0,1.0,1.0,1.0
TCGA_PAAD,TCGA-F2-A44G,../../data/pancreatic_cancer_pathology/dst/Image/TCGA_PAAD/TCGA-F2-A44G,../../data/pancreatic_cancer_pathology/dst/Image/TCGA_PAAD/TCGA-F2-A44G/tile_metadata.csv,343,178975,72475,233.0,1,4,0.0,1.0,1.0,1.0,1.0,1.0,1.0,1.0
TCGA_PAAD,TCGA-FB-A78T,../../data/pancreatic_cancer_pathology/dst/Image/TCGA_PAAD/TCGA-FB-A78T,../../data/pancreatic_cancer_pathology/dst/Image/TCGA_PAAD/TCGA-FB-A78T/tile_metadata.csv,103,60927,45579,375.0,1,4,0.0,1.0,0.0,1.0,1.0,1.0,1.0,1.0
TCGA_PAAD,TCGA-F2-A7TX,../../data/pancreatic_cancer_pathology/dst/Image/TCGA_PAAD/TCGA-F2-A7TX,../../data/pancreatic_cancer_pathology/dst/Image/TCGA_PAAD/TCGA-F2-A7TX/tile_metadata.csv,366,171359,74498,95.0,1,4,1.0,1.0,1.0,1.0,1.0,1.0,1.0,1.0
TCGA_PAAD,TCGA-FB-A545,../../data/pancreatic_cancer_pathology/dst/Image/TCGA_PAAD/TCGA-FB-A545,../../data/pancreatic_cancer_pathology/dst/Image/TCGA_PAAD/TCGA-FB-A545/tile_metadata.csv,191,81672,73064,732.0,1,4,0.0,1.0,0.0,1.0,0.0,1.0,0.0,1.0
TCGA_PAAD,TCGA-FB-AAPQ,../../data/pancreatic_cancer_pathology/dst/Image/TCGA_PAAD/TCGA-FB-AAPQ,../../data/pancreatic_cancer_pathology/dst/Image/TCGA_PAAD/TCGA-FB-AAPQ/tile_metadata.csv,50,51792,36503,1130.0,1,4,0.0,1.0,0.0,1.0,0.0,1.0,0.0,1.0
TCGA_PAAD,TCGA-FB-AAPP,../../data/pancreatic_cancer_pathology/dst/Image/TCGA_PAAD/TCGA-FB-AAPP,../../data/pancreatic_cancer_pathology/dst/Image/TCGA_PAAD/TCGA-FB-AAPP/tile_metadata.csv,78,45816,44372,485.0,1,4,0.0,1.0,0.0,1.0,1.0,1.0,1.0,1.0
TCGA_PAAD,TCGA-FB-A5VM,../../data/pancreatic_cancer_pathology/dst/Image/TCGA_PAAD/TCGA-FB-A5VM,../../data/pancreatic_cancer_pathology/dst/Image/TCGA_PAAD/TCGA-FB-A5VM/tile_metadata.csv,247,126615,62602,498.0,1,4,0.0,1.0,0.0,1.0,1.0,1.0,1.0,1.0
TCGA_PAAD,TCGA-FB-AAPY,../../data/pancreatic_cancer_pathology/dst/Image/TCGA_PAAD/TCGA-FB-AAPY,../../data/pancreatic_cancer_pathology/dst/Image/TCGA_PAAD/TCGA-FB-AAPY/tile_metadata.csv,31,45816,34402,1059.0,1,4,0.0,1.0,0.0,1.0,0.0,1.0,0.0,1.0
TCGA_PAAD,TCGA-FB-A7DR,../../data/pancreatic_cancer_pathology/dst/Image/TCGA_PAAD/TCGA-FB-A7DR,../../data/pancreatic_cancer_pathology/dst/Image/TCGA_PAAD/TCGA-FB-A7DR/tile_metadata.csv,221,79016,74786,353.0,1,4,0.0,1.0,1.0,1.0,1.0,1.0,1.0,1.0
TCGA_PAAD,TCGA-FB-AAPU,../../data/pancreatic_cancer_pathology/dst/Image/TCGA_PAAD/TCGA-FB-AAPU,../../data/pancreatic_cancer_pathology/dst/Image/TCGA_PAAD/TCGA-FB-AAPU/tile_metadata.csv,116,73704,67420,381.0,1,4,0.0,1.0,0.0,1.0,1.0,1.0,1.0,1.0
TCGA_PAAD,TCGA-FB-AAQ0,../../data/pancreatic_cancer_pathology/dst/Image/TCGA_PAAD/TCGA-FB-AAQ0,../../data/pancreatic_cancer_pathology/dst/Image/TCGA_PAAD/TCGA-FB-AAQ0/tile_metadata.csv,100,73704,60826,473.0,1,4,0.0,1.0,0.0,1.0,1.0,1.0,1.0,1.0
TCGA_PAAD,TCGA-FB-AAQ3,../../data/pancreatic_cancer_pathology/dst/Image/TCGA_PAAD/TCGA-FB-AAQ3,../../data/pancreatic_cancer_pathology/dst/Image/TCGA_PAAD/TCGA-FB-AAQ3/tile_metadata.csv,43,33864,36306,31.0,1,4,1.0,1.0,1.0,1.0,1.0,1.0,1.0,1.0
TCGA_PAAD,TCGA-FB-AAQ2,../../data/pancreatic_cancer_pathology/dst/Image/TCGA_PAAD/TCGA-FB-AAQ2,../../data/pancreatic_cancer_pathology/dst/Image/TCGA_PAAD/TCGA-FB-AAQ2/tile_metadata.csv,98,69720,55513,153.0,1,4,1.0,1.0,1.0,1.0,1.0,1.0,1.0,1.0
TCGA_PAAD,TCGA-H6-A45N,../../data/pancreatic_cancer_pathology/dst/Image/TCGA_PAAD/TCGA-H6-A45N,../../data/pancreatic_cancer_pathology/dst/Image/TCGA_PAAD/TCGA-H6-A45N/tile_metadata.csv,58,113294,37793,397.0,1,4,0.0,1.0,0.0,1.0,1.0,1.0,1.0,1.0
TCGA_PAAD,TCGA-FB-AAQ6,../../data/pancreatic_cancer_pathology/dst/Image/TCGA_PAAD/TCGA-FB-AAQ6,../../data/pancreatic_cancer_pathology/dst/Image/TCGA_PAAD/TCGA-FB-AAQ6/tile_metadata.csv,82,57768,39895,244.0,1,4,0.0,1.0,1.0,1.0,1.0,1.0,1.0,1.0
TCGA_PAAD,TCGA-HV-A5A3,../../data/pancreatic_cancer_pathology/dst/Image/TCGA_PAAD/TCGA-HV-A5A3,../../data/pancreatic_cancer_pathology/dst/Image/TCGA_PAAD/TCGA-HV-A5A3/tile_metadata.csv,66,81672,37208,128.0,1,4,1.0,1.0,1.0,1.0,1.0,1.0,1.0,1.0
TCGA_PAAD,TCGA-FB-AAQ1,../../data/pancreatic_cancer_pathology/dst/Image/TCGA_PAAD/TCGA-FB-AAQ1,../../data/pancreatic_cancer_pathology/dst/Image/TCGA_PAAD/TCGA-FB-AAQ1/tile_metadata.csv,211,83664,68888,123.0,1,4,1.0,1.0,1.0,1.0,1.0,1.0,1.0,1.0
TCGA_PAAD,TCGA-HV-A7OP,../../data/pancreatic_cancer_pathology/dst/Image/TCGA_PAAD/TCGA-HV-A7OP,../../data/pancreatic_cancer_pathology/dst/Image/TCGA_PAAD/TCGA-HV-A7OP/tile_metadata.csv,34,121512,31501,978.0,0,4,0.0,1.0,0.0,1.0,0.0,1.0,0.0,1.0
TCGA_PAAD,TCGA-HV-A5A6,../../data/pancreatic_cancer_pathology/dst/Image/TCGA_PAAD/TCGA-HV-A5A6,../../data/pancreatic_cancer_pathology/dst/Image/TCGA_PAAD/TCGA-HV-A5A6/tile_metadata.csv,30,107568,25203,2036.0,1,4,0.0,1.0,0.0,1.0,0.0,1.0,0.0,1.0
TCGA_PAAD,TCGA-HV-AA8X,../../data/pancreatic_cancer_pathology/dst/Image/TCGA_PAAD/TCGA-HV-AA8X,../../data/pancreatic_cancer_pathology/dst/Image/TCGA_PAAD/TCGA-HV-AA8X/tile_metadata.csv,49,37848,39530,532.0,1,4,0.0,1.0,0.0,1.0,1.0,1.0,1.0,1.0
TCGA_PAAD,TCGA-HZ-7289,../../data/pancreatic_cancer_pathology/dst/Image/TCGA_PAAD/TCGA-HZ-7289,../../data/pancreatic_cancer_pathology/dst/Image/TCGA_PAAD/TCGA-HZ-7289/tile_metadata.csv,91,63310,70154,661.0,1,4,0.0,1.0,0.0,1.0,0.0,1.0,1.0,1.0
TCGA_PAAD,TCGA-HZ-7918,../../data/pancreatic_cancer_pathology/dst/Image/TCGA_PAAD/TCGA-HZ-7918,../../data/pancreatic_cancer_pathology/dst/Image/TCGA_PAAD/TCGA-HZ-7918/tile_metadata.csv,71,48921,41384,969.0,0,4,0.0,1.0,0.0,1.0,0.0,1.0,0.0,1.0
TCGA_PAAD,TCGA-HZ-7919,../../data/pancreatic_cancer_pathology/dst/Image/TCGA_PAAD/TCGA-HZ-7919,../../data/pancreatic_cancer_pathology/dst/Image/TCGA_PAAD/TCGA-HZ-7919/tile_metadata.csv,53,36451,49899,593.0,1,4,0.0,1.0,0.0,1.0,0.0,1.0,1.0,1.0
TCGA_PAAD,TCGA-HZ-7920,../../data/pancreatic_cancer_pathology/dst/Image/TCGA_PAAD/TCGA-HZ-7920,../../data/pancreatic_cancer_pathology/dst/Image/TCGA_PAAD/TCGA-HZ-7920/tile_metadata.csv,69,53717,39901,236.0,1,4,0.0,1.0,1.0,1.0,1.0,1.0,1.0,1.0
TCGA_PAAD,TCGA-HV-AA8V,../../data/pancreatic_cancer_pathology/dst/Image/TCGA_PAAD/TCGA-HV-AA8V,../../data/pancreatic_cancer_pathology/dst/Image/TCGA_PAAD/TCGA-HV-AA8V/tile_metadata.csv,243,97608,60071,920.0,0,4,0.0,1.0,0.0,1.0,0.0,1.0,0.0,1.0
TCGA_PAAD,TCGA-HZ-7926,../../data/pancreatic_cancer_pathology/dst/Image/TCGA_PAAD/TCGA-HZ-7926,../../data/pancreatic_cancer_pathology/dst/Image/TCGA_PAAD/TCGA-HZ-7926/tile_metadata.csv,8,15347,15243,518.0,1,4,0.0,1.0,0.0,1.0,1.0,1.0,1.0,1.0
TCGA_PAAD,TCGA-HZ-7925,../../data/pancreatic_cancer_pathology/dst/Image/TCGA_PAAD/TCGA-HZ-7925,../../data/pancreatic_cancer_pathology/dst/Image/TCGA_PAAD/TCGA-HZ-7925/tile_metadata.csv,54,47003,29704,614.0,1,4,0.0,1.0,0.0,1.0,0.0,1.0,1.0,1.0
TCGA_PAAD,TCGA-HZ-8003,../../data/pancreatic_cancer_pathology/dst/Image/TCGA_PAAD/TCGA-HZ-8003,../../data/pancreatic_cancer_pathology/dst/Image/TCGA_PAAD/TCGA-HZ-8003/tile_metadata.csv,40,39329,41559,596.0,1,4,0.0,1.0,0.0,1.0,0.0,1.0,1.0,1.0
TCGA_PAAD,TCGA-HZ-8005,../../data/pancreatic_cancer_pathology/dst/Image/TCGA_PAAD/TCGA-HZ-8005,../../data/pancreatic_cancer_pathology/dst/Image/TCGA_PAAD/TCGA-HZ-8005/tile_metadata.csv,55,44125,38044,120.0,1,4,1.0,1.0,1.0,1.0,1.0,1.0,1.0,1.0
TCGA_PAAD,TCGA-HZ-8002,../../data/pancreatic_cancer_pathology/dst/Image/TCGA_PAAD/TCGA-HZ-8002,../../data/pancreatic_cancer_pathology/dst/Image/TCGA_PAAD/TCGA-HZ-8002/tile_metadata.csv,59,45084,40335,366.0,1,4,0.0,1.0,0.0,1.0,1.0,1.0,1.0,1.0
TCGA_PAAD,TCGA-HZ-8315,../../data/pancreatic_cancer_pathology/dst/Image/TCGA_PAAD/TCGA-HZ-8315,../../data/pancreatic_cancer_pathology/dst/Image/TCGA_PAAD/TCGA-HZ-8315/tile_metadata.csv,63,40288,38518,299.0,1,4,0.0,1.0,1.0,1.0,1.0,1.0,1.0,1.0
TCGA_PAAD,TCGA-HZ-8317,../../data/pancreatic_cancer_pathology/dst/Image/TCGA_PAAD/TCGA-HZ-8317,../../data/pancreatic_cancer_pathology/dst/Image/TCGA_PAAD/TCGA-HZ-8317/tile_metadata.csv,111,65736,70894,378.0,1,4,0.0,1.0,0.0,1.0,1.0,1.0,1.0,1.0
TCGA_PAAD,TCGA-HZ-8637,../../data/pancreatic_cancer_pathology/dst/Image/TCGA_PAAD/TCGA-HZ-8637,../../data/pancreatic_cancer_pathology/dst/Image/TCGA_PAAD/TCGA-HZ-8637/tile_metadata.csv,132,64269,62046,517.0,1,4,0.0,1.0,0.0,1.0,1.0,1.0,1.0,1.0
TCGA_PAAD,TCGA-HZ-8636,../../data/pancreatic_cancer_pathology/dst/Image/TCGA_PAAD/TCGA-HZ-8636,../../data/pancreatic_cancer_pathology/dst/Image/TCGA_PAAD/TCGA-HZ-8636/tile_metadata.csv,159,72902,73786,545.0,1,4,0.0,1.0,0.0,1.0,1.0,1.0,1.0,1.0
TCGA_PAAD,TCGA-HZ-A49I,../../data/pancreatic_cancer_pathology/dst/Image/TCGA_PAAD/TCGA-HZ-A49I,../../data/pancreatic_cancer_pathology/dst/Image/TCGA_PAAD/TCGA-HZ-A49I/tile_metadata.csv,92,62350,49096,308.0,1,4,0.0,1.0,1.0,1.0,1.0,1.0,1.0,1.0
TCGA_PAAD,TCGA-HZ-A77O,../../data/pancreatic_cancer_pathology/dst/Image/TCGA_PAAD/TCGA-HZ-A77O,../../data/pancreatic_cancer_pathology/dst/Image/TCGA_PAAD/TCGA-HZ-A77O/tile_metadata.csv,60,44125,31957,160.0,1,4,1.0,1.0,1.0,1.0,1.0,1.0,1.0,1.0
TCGA_PAAD,TCGA-HZ-8638,../../data/pancreatic_cancer_pathology/dst/Image/TCGA_PAAD/TCGA-HZ-8638,../../data/pancreatic_cancer_pathology/dst/Image/TCGA_PAAD/TCGA-HZ-8638/tile_metadata.csv,274,112231,67006,151.0,1,4,1.0,1.0,1.0,1.0,1.0,1.0,1.0,1.0
TCGA_PAAD,TCGA-IB-7647,../../data/pancreatic_cancer_pathology/dst/Image/TCGA_PAAD/TCGA-IB-7647,../../data/pancreatic_cancer_pathology/dst/Image/TCGA_PAAD/TCGA-IB-7647/tile_metadata.csv,270,111551,89823,666.0,1,4,0.0,1.0,0.0,1.0,0.0,1.0,1.0,1.0
TCGA_PAAD,TCGA-IB-7644,../../data/pancreatic_cancer_pathology/dst/Image/TCGA_PAAD/TCGA-IB-7644,../../data/pancreatic_cancer_pathology/dst/Image/TCGA_PAAD/TCGA-IB-7644/tile_metadata.csv,360,141431,85347,394.0,1,4,0.0,1.0,0.0,1.0,1.0,1.0,1.0,1.0
TCGA_PAAD,TCGA-IB-7645,../../data/pancreatic_cancer_pathology/dst/Image/TCGA_PAAD/TCGA-IB-7645,../../data/pancreatic_cancer_pathology/dst/Image/TCGA_PAAD/TCGA-IB-7645/tile_metadata.csv,276,101591,94749,1502.0,1,4,0.0,1.0,0.0,1.0,0.0,1.0,0.0,1.0
TCGA_PAAD,TCGA-IB-7646,../../data/pancreatic_cancer_pathology/dst/Image/TCGA_PAAD/TCGA-IB-7646,../../data/pancreatic_cancer_pathology/dst/Image/TCGA_PAAD/TCGA-IB-7646/tile_metadata.csv,507,197207,84805,145.0,1,4,1.0,1.0,1.0,1.0,1.0,1.0,1.0,1.0
TCGA_PAAD,TCGA-IB-7649,../../data/pancreatic_cancer_pathology/dst/Image/TCGA_PAAD/TCGA-IB-7649,../../data/pancreatic_cancer_pathology/dst/Image/TCGA_PAAD/TCGA-IB-7649/tile_metadata.csv,312,103584,84203,467.0,1,4,0.0,1.0,0.0,1.0,1.0,1.0,1.0,1.0
TCGA_PAAD,TCGA-IB-7654,../../data/pancreatic_cancer_pathology/dst/Image/TCGA_PAAD/TCGA-IB-7654,../../data/pancreatic_cancer_pathology/dst/Image/TCGA_PAAD/TCGA-IB-7654/tile_metadata.csv,158,99599,52420,476.0,1,4,0.0,1.0,0.0,1.0,1.0,1.0,1.0,1.0
TCGA_PAAD,TCGA-IB-7885,../../data/pancreatic_cancer_pathology/dst/Image/TCGA_PAAD/TCGA-IB-7885,../../data/pancreatic_cancer_pathology/dst/Image/TCGA_PAAD/TCGA-IB-7885/tile_metadata.csv,154,91631,87786,1257.0,0,4,0.0,1.0,0.0,1.0,0.0,1.0,0.0,1.0
TCGA_PAAD,TCGA-IB-7651,../../data/pancreatic_cancer_pathology/dst/Image/TCGA_PAAD/TCGA-IB-7651,../../data/pancreatic_cancer_pathology/dst/Image/TCGA_PAAD/TCGA-IB-7651/tile_metadata.csv,374,131471,84090,603.0,1,4,0.0,1.0,0.0,1.0,0.0,1.0,1.0,1.0
TCGA_PAAD,TCGA-IB-7652,../../data/pancreatic_cancer_pathology/dst/Image/TCGA_PAAD/TCGA-IB-7652,../../data/pancreatic_cancer_pathology/dst/Image/TCGA_PAAD/TCGA-IB-7652/tile_metadata.csv,278,111551,89981,1116.0,0,4,0.0,1.0,0.0,1.0,0.0,1.0,0.0,1.0
TCGA_PAAD,TCGA-IB-7888,../../data/pancreatic_cancer_pathology/dst/Image/TCGA_PAAD/TCGA-IB-7888,../../data/pancreatic_cancer_pathology/dst/Image/TCGA_PAAD/TCGA-IB-7888/tile_metadata.csv,306,105575,82535,1332.0,1,4,0.0,1.0,0.0,1.0,0.0,1.0,0.0,1.0
TCGA_PAAD,TCGA-IB-7886,../../data/pancreatic_cancer_pathology/dst/Image/TCGA_PAAD/TCGA-IB-7886,../../data/pancreatic_cancer_pathology/dst/Image/TCGA_PAAD/TCGA-IB-7886/tile_metadata.csv,432,123503,88221,123.0,1,4,1.0,1.0,1.0,1.0,1.0,1.0,1.0,1.0
TCGA_PAAD,TCGA-IB-7889,../../data/pancreatic_cancer_pathology/dst/Image/TCGA_PAAD/TCGA-IB-7889,../../data/pancreatic_cancer_pathology/dst/Image/TCGA_PAAD/TCGA-IB-7889/tile_metadata.csv,314,97607,70971,481.0,1,4,0.0,1.0,0.0,1.0,1.0,1.0,1.0,1.0
TCGA_PAAD,TCGA-IB-7890,../../data/pancreatic_cancer_pathology/dst/Image/TCGA_PAAD/TCGA-IB-7890,../../data/pancreatic_cancer_pathology/dst/Image/TCGA_PAAD/TCGA-IB-7890/tile_metadata.csv,203,113543,76343,598.0,1,4,0.0,1.0,0.0,1.0,0.0,1.0,1.0,1.0
TCGA_PAAD,TCGA-IB-7887,../../data/pancreatic_cancer_pathology/dst/Image/TCGA_PAAD/TCGA-IB-7887,../../data/pancreatic_cancer_pathology/dst/Image/TCGA_PAAD/TCGA-IB-7887/tile_metadata.csv,570,129479,93289,110.0,1,4,1.0,1.0,1.0,1.0,1.0,1.0,1.0,1.0
TCGA_PAAD,TCGA-IB-7893,../../data/pancreatic_cancer_pathology/dst/Image/TCGA_PAAD/TCGA-IB-7893,../../data/pancreatic_cancer_pathology/dst/Image/TCGA_PAAD/TCGA-IB-7893/tile_metadata.csv,377,117527,87754,117.0,1,4,1.0,1.0,1.0,1.0,1.0,1.0,1.0,1.0
TCGA_PAAD,TCGA-IB-7891,../../data/pancreatic_cancer_pathology/dst/Image/TCGA_PAAD/TCGA-IB-7891,../../data/pancreatic_cancer_pathology/dst/Image/TCGA_PAAD/TCGA-IB-7891/tile_metadata.csv,536,143423,90100,913.0,1,4,0.0,1.0,0.0,1.0,0.0,1.0,0.0,1.0
TCGA_PAAD,TCGA-IB-A5SO,../../data/pancreatic_cancer_pathology/dst/Image/TCGA_PAAD/TCGA-IB-A5SO,../../data/pancreatic_cancer_pathology/dst/Image/TCGA_PAAD/TCGA-IB-A5SO/tile_metadata.csv,251,89639,65908,365.0,1,4,0.0,1.0,1.0,1.0,1.0,1.0,1.0,1.0
TCGA_PAAD,TCGA-IB-7897,../../data/pancreatic_cancer_pathology/dst/Image/TCGA_PAAD/TCGA-IB-7897,../../data/pancreatic_cancer_pathology/dst/Image/TCGA_PAAD/TCGA-IB-7897/tile_metadata.csv,496,147407,91365,486.0,1,4,0.0,1.0,0.0,1.0,1.0,1.0,1.0,1.0
TCGA_PAAD,TCGA-IB-A5SS,../../data/pancreatic_cancer_pathology/dst/Image/TCGA_PAAD/TCGA-IB-A5SS,../../data/pancreatic_cancer_pathology/dst/Image/TCGA_PAAD/TCGA-IB-A5SS/tile_metadata.csv,353,129479,89959,460.0,1,4,0.0,1.0,0.0,1.0,1.0,1.0,1.0,1.0
TCGA_PAAD,TCGA-IB-A5SQ,../../data/pancreatic_cancer_pathology/dst/Image/TCGA_PAAD/TCGA-IB-A5SQ,../../data/pancreatic_cancer_pathology/dst/Image/TCGA_PAAD/TCGA-IB-A5SQ/tile_metadata.csv,481,175295,73575,219.0,1,4,0.0,1.0,1.0,1.0,1.0,1.0,1.0,1.0
TCGA_PAAD,TCGA-IB-A6UG,../../data/pancreatic_cancer_pathology/dst/Image/TCGA_PAAD/TCGA-IB-A6UG,../../data/pancreatic_cancer_pathology/dst/Image/TCGA_PAAD/TCGA-IB-A6UG/tile_metadata.csv,247,97607,79058,41.0,1,4,1.0,1.0,1.0,1.0,1.0,1.0,1.0,1.0
TCGA_PAAD,TCGA-IB-AAUN,../../data/pancreatic_cancer_pathology/dst/Image/TCGA_PAAD/TCGA-IB-AAUN,../../data/pancreatic_cancer_pathology/dst/Image/TCGA_PAAD/TCGA-IB-AAUN/tile_metadata.csv,224,91631,78747,144.0,1,4,1.0,1.0,1.0,1.0,1.0,1.0,1.0,1.0
TCGA_PAAD,TCGA-IB-A7LX,../../data/pancreatic_cancer_pathology/dst/Image/TCGA_PAAD/TCGA-IB-A7LX,../../data/pancreatic_cancer_pathology/dst/Image/TCGA_PAAD/TCGA-IB-A7LX/tile_metadata.csv,435,119519,83788,250.0,1,4,0.0,1.0,1.0,1.0,1.0,1.0,1.0,1.0
TCGA_PAAD,TCGA-IB-AAUQ,../../data/pancreatic_cancer_pathology/dst/Image/TCGA_PAAD/TCGA-IB-AAUQ,../../data/pancreatic_cancer_pathology/dst/Image/TCGA_PAAD/TCGA-IB-AAUQ/tile_metadata.csv,288,97607,88094,183.0,1,4,0.0,1.0,1.0,1.0,1.0,1.0,1.0,1.0
TCGA_PAAD,TCGA-IB-AAUO,../../data/pancreatic_cancer_pathology/dst/Image/TCGA_PAAD/TCGA-IB-AAUO,../../data/pancreatic_cancer_pathology/dst/Image/TCGA_PAAD/TCGA-IB-AAUO/tile_metadata.csv,490,119519,94569,239.0,1,4,0.0,1.0,1.0,1.0,1.0,1.0,1.0,1.0
TCGA_PAAD,TCGA-IB-AAUW,../../data/pancreatic_cancer_pathology/dst/Image/TCGA_PAAD/TCGA-IB-AAUW,../../data/pancreatic_cancer_pathology/dst/Image/TCGA_PAAD/TCGA-IB-AAUW/tile_metadata.csv,352,97607,93010,230.0,1,4,0.0,1.0,1.0,1.0,1.0,1.0,1.0,1.0
TCGA_PAAD,TCGA-LB-A7SX,../../data/pancreatic_cancer_pathology/dst/Image/TCGA_PAAD/TCGA-LB-A7SX,../../data/pancreatic_cancer_pathology/dst/Image/TCGA_PAAD/TCGA-LB-A7SX/tile_metadata.csv,196,93624,77910,393.0,1,4,0.0,1.0,0.0,1.0,1.0,1.0,1.0,1.0
TCGA_PAAD,TCGA-LB-A9Q5,../../data/pancreatic_cancer_pathology/dst/Image/TCGA_PAAD/TCGA-LB-A9Q5,../../data/pancreatic_cancer_pathology/dst/Image/TCGA_PAAD/TCGA-LB-A9Q5/tile_metadata.csv,233,105576,66359,313.0,1,4,0.0,1.0,1.0,1.0,1.0,1.0,1.0,1.0
TCGA_PAAD,TCGA-OE-A75W,../../data/pancreatic_cancer_pathology/dst/Image/TCGA_PAAD/TCGA-OE-A75W,../../data/pancreatic_cancer_pathology/dst/Image/TCGA_PAAD/TCGA-OE-A75W/tile_metadata.csv,175,91631,66698,267.0,1,4,0.0,1.0,1.0,1.0,1.0,1.0,1.0,1.0
TCGA_PAAD,TCGA-L1-A7W4,../../data/pancreatic_cancer_pathology/dst/Image/TCGA_PAAD/TCGA-L1-A7W4,../../data/pancreatic_cancer_pathology/dst/Image/TCGA_PAAD/TCGA-L1-A7W4/tile_metadata.csv,384,165335,75807,278.0,1,4,0.0,1.0,1.0,1.0,1.0,1.0,1.0,1.0
TCGA_PAAD,TCGA-PZ-A5RE,../../data/pancreatic_cancer_pathology/dst/Image/TCGA_PAAD/TCGA-PZ-A5RE,../../data/pancreatic_cancer_pathology/dst/Image/TCGA_PAAD/TCGA-PZ-A5RE/tile_metadata.csv,334,146510,59996,470.0,1,4,0.0,1.0,0.0,1.0,1.0,1.0,1.0,1.0
TCGA_PAAD,TCGA-RB-A7B8,../../data/pancreatic_cancer_pathology/dst/Image/TCGA_PAAD/TCGA-RB-A7B8,../../data/pancreatic_cancer_pathology/dst/Image/TCGA_PAAD/TCGA-RB-A7B8/tile_metadata.csv,387,142848,95488,466.0,1,4,0.0,1.0,0.0,1.0,1.0,1.0,1.0,1.0
TCGA_PAAD,TCGA-S4-A8RM,../../data/pancreatic_cancer_pathology/dst/Image/TCGA_PAAD/TCGA-S4-A8RM,../../data/pancreatic_cancer_pathology/dst/Image/TCGA_PAAD/TCGA-S4-A8RM/tile_metadata.csv,317,121511,77443,737.0,0,4,0.0,1.0,0.0,1.0,0.0,1.0,0.0,1.0
TCGA_PAAD,TCGA-US-A774,../../data/pancreatic_cancer_pathology/dst/Image/TCGA_PAAD/TCGA-US-A774,../../data/pancreatic_cancer_pathology/dst/Image/TCGA_PAAD/TCGA-US-A774/tile_metadata.csv,252,99600,77441,695.0,1,4,0.0,1.0,0.0,1.0,0.0,1.0,1.0,1.0
TCGA_PAAD,TCGA-US-A776,../../data/pancreatic_cancer_pathology/dst/Image/TCGA_PAAD/TCGA-US-A776,../../data/pancreatic_cancer_pathology/dst/Image/TCGA_PAAD/TCGA-US-A776/tile_metadata.csv,238,95616,86438,1216.0,0,4,0.0,1.0,0.0,1.0,0.0,1.0,0.0,1.0
TCGA_PAAD,TCGA-S4-A8RP,../../data/pancreatic_cancer_pathology/dst/Image/TCGA_PAAD/TCGA-S4-A8RP,../../data/pancreatic_cancer_pathology/dst/Image/TCGA_PAAD/TCGA-S4-A8RP/tile_metadata.csv,588,139439,94229,702.0,1,4,0.0,1.0,0.0,1.0,0.0,1.0,1.0,1.0
TCGA_PAAD,TCGA-US-A77E,../../data/pancreatic_cancer_pathology/dst/Image/TCGA_PAAD/TCGA-US-A77E,../../data/pancreatic_cancer_pathology/dst/Image/TCGA_PAAD/TCGA-US-A77E/tile_metadata.csv,250,113544,64608,430.0,1,4,0.0,1.0,0.0,1.0,1.0,1.0,1.0,1.0
TCGA_PAAD,TCGA-US-A77G,../../data/pancreatic_cancer_pathology/dst/Image/TCGA_PAAD/TCGA-US-A77G,../../data/pancreatic_cancer_pathology/dst/Image/TCGA_PAAD/TCGA-US-A77G/tile_metadata.csv,347,163344,77571,12.0,1,4,1.0,1.0,1.0,1.0,1.0,1.0,1.0,1.0
TCGA_PAAD,TCGA-US-A779,../../data/pancreatic_cancer_pathology/dst/Image/TCGA_PAAD/TCGA-US-A779,../../data/pancreatic_cancer_pathology/dst/Image/TCGA_PAAD/TCGA-US-A779/tile_metadata.csv,352,120389,90646,511.0,1,4,0.0,1.0,0.0,1.0,1.0,1.0,1.0,1.0
TCGA_PAAD,TCGA-US-A77J,../../data/pancreatic_cancer_pathology/dst/Image/TCGA_PAAD/TCGA-US-A77J,../../data/pancreatic_cancer_pathology/dst/Image/TCGA_PAAD/TCGA-US-A77J/tile_metadata.csv,223,85315,75873,568.0,1,4,0.0,1.0,0.0,1.0,0.0,1.0,1.0,1.0
TCGA_PAAD,TCGA-XD-AAUI,../../data/pancreatic_cancer_pathology/dst/Image/TCGA_PAAD/TCGA-XD-AAUI,../../data/pancreatic_cancer_pathology/dst/Image/TCGA_PAAD/TCGA-XD-AAUI/tile_metadata.csv,233,103583,70331,366.0,1,4,0.0,1.0,0.0,1.0,1.0,1.0,1.0,1.0
TCGA_PAAD,TCGA-YY-A8LH,../../data/pancreatic_cancer_pathology/dst/Image/TCGA_PAAD/TCGA-YY-A8LH,../../data/pancreatic_cancer_pathology/dst/Image/TCGA_PAAD/TCGA-YY-A8LH/tile_metadata.csv,266,93623,80330,2016.0,0,4,0.0,1.0,0.0,1.0,0.0,1.0,0.0,1.0
TCGA_PAAD,TCGA-XN-A8T3,../../data/pancreatic_cancer_pathology/dst/Image/TCGA_PAAD/TCGA-XN-A8T3,../../data/pancreatic_cancer_pathology/dst/Image/TCGA_PAAD/TCGA-XN-A8T3/tile_metadata.csv,669,175296,89975,951.0,0,4,0.0,1.0,0.0,1.0,0.0,1.0,0.0,1.0
